ID,Category_ID,Name,DOP_Refrigerate_Min,DOP_Refrigerate_Max,DOP_Freeze_Min,DOP_Freeze_Max,Safe_Minimum_Temperature,Current_Temperature,Current_Humidity
1,7,Butter,1.0,2.0,6.0,9.0,5,19.3,14.7
2,7,Buttermilk,1.0,2.0,3.0,3.0,5,19.3,14.7
3,7,Cheese,6.0,6.0,6.0,6.0,5,19.3,14.7
4,7,Cheese,12.0,12.0,,,5,19.3,14.7
5,7,Cheese,1.0,1.0,3.0,4.0,5,19.3,14.7
6,7,Cheese,3.0,4.0,,,5,19.3,14.7
7,7,Cheese,1.0,2.0,6.0,6.0,5,19.3,14.7
8,7,Coffee creamer,3.0,3.0,,,5,19.3,14.7
9,7,Cottage cheese,2.0,2.0,,,5,19.3,14.7
10,7,Cream cheese,2.0,2.0,,,5,19.3,14.7
11,7,Cream,1.0,1.0,,,5,19.3,14.7
12,7,Cream,,,,,5,19.3,14.7
13,7,Cream,3.0,4.0,4.0,4.0,5,19.3,14.7
14,7,Cream,10.0,10.0,3.0,4.0,5,19.3,14.7
15,7,Cream,1.0,1.0,3.0,4.0,5,19.3,14.7
16,7,Dips,2.0,2.0,,,5,19.3,14.7
17,7,Egg substitutes,7.0,7.0,,,5,19.3,14.7
20,7,Eggnog,3.0,5.0,6.0,6.0,5,19.3,14.7
21,7,Eggs,3.0,5.0,,,5,19.3,14.7
22,7,Eggs,,,,,5,19.3,14.7
23,7,Eggs,,,,,5,19.3,14.7
24,7,Egg dishes,,,,,5,19.3,14.7
25,7,Kefir,1.0,1.0,,,5,19.3,14.7
26,7,Margarine,6.0,6.0,12.0,12.0,5,19.3,14.7
27,7,Milk,,,3.0,3.0,5,19.3,14.7
28,7,Pudding,,,,,5,19.3,14.7
29,7,Sour cream,,,,,5,19.3,14.7
30,7,Whipped cream,3.0,4.0,,,5,19.3,14.7
31,7,Whipped topping,3.0,3.0,,,5,19.3,14.7
32,7,Whipped topping,2.0,2.0,,,5,19.3,14.7
33,7,Yogurt,1.0,2.0,,,5,19.3,14.7
34,10,Beef,3.0,5.0,4.0,12.0,5,19.3,14.7
35,10,Beef,3.0,5.0,4.0,12.0,5,19.3,14.7
36,10,Beef,3.0,5.0,4.0,12.0,5,19.3,14.7
37,10,Beef,3.0,5.0,4.0,12.0,5,19.3,14.7
38,10,Beef,3.0,5.0,4.0,12.0,5,19.3,14.7
39,10,Beef,3.0,5.0,4.0,12.0,5,19.3,14.7
40,10,Beef,3.0,5.0,4.0,12.0,5,19.3,14.7
41,10,Beef,3.0,5.0,4.0,12.0,5,19.3,14.7
42,10,Beef,3.0,5.0,4.0,12.0,5,19.3,14.7
43,10,Beef,1.0,2.0,3.0,4.0,5,19.3,14.7
44,10,Lamb,3.0,5.0,4.0,12.0,5,19.3,14.7
45,10,Lamb,3.0,5.0,4.0,12.0,5,19.3,14.7
46,10,Lamb,3.0,5.0,4.0,12.0,5,19.3,14.7
47,10,Lamb,3.0,5.0,4.0,12.0,5,19.3,14.7
48,10,Lamb,3.0,5.0,4.0,12.0,5,19.3,14.7
49,10,Lamb,3.0,5.0,4.0,12.0,5,19.3,14.7
50,10,Lamb,1.0,2.0,3.0,4.0,5,19.3,14.7
51,10,Lamb,3.0,5.0,4.0,12.0,5,19.3,14.7
52,10,Lamb,3.0,5.0,4.0,12.0,5,19.3,14.7
53,10,Lamb,3.0,5.0,4.0,12.0,5,19.3,14.7
54,10,Lamb,3.0,5.0,4.0,12.0,5,19.3,14.7
55,10,Lamb,3.0,5.0,4.0,12.0,5,19.3,14.7
56,10,Veal,3.0,5.0,4.0,12.0,5,19.3,14.7
57,10,Veal,3.0,5.0,4.0,12.0,5,19.3,14.7
58,10,Veal,3.0,5.0,4.0,12.0,5,19.3,14.7
59,10,Veal,1.0,2.0,3.0,4.0,5,19.3,14.7
60,10,Pork,3.0,5.0,4.0,12.0,5,19.3,14.7
61,10,Pork,3.0,5.0,4.0,12.0,5,19.3,14.7
63,10,Pork,3.0,5.0,4.0,12.0,5,19.3,14.7
64,10,Pork,3.0,5.0,4.0,12.0,5,19.3,14.7
65,10,Pork,3.0,5.0,4.0,12.0,5,19.3,14.7
66,10,Pork,3.0,5.0,4.0,12.0,5,19.3,14.7
67,10,Pork,3.0,5.0,4.0,12.0,5,19.3,14.7
69,10,Pork,3.0,5.0,4.0,12.0,5,19.3,14.7
70,10,Goat,3.0,5.0,4.0,12.0,5,19.3,14.7
71,10,Goat,3.0,5.0,4.0,12.0,5,19.3,14.7
72,10,Pork,3.0,5.0,4.0,12.0,5,19.3,14.7
73,10,Pork,1.0,2.0,3.0,4.0,5,19.3,14.7
74,10,Pork,3.0,5.0,4.0,12.0,5,19.3,14.7
75,10,Pork,3.0,5.0,4.0,12.0,5,19.3,14.7
76,10,Venison,3.0,5.0,4.0,12.0,5,19.3,14.7
77,10,Variety meats,1.0,2.0,3.0,4.0,5,19.3,14.7
78,10,Goat,1.0,2.0,3.0,4.0,5,19.3,14.7
79,12,Bacon,1.0,1.0,1.0,1.0,5,19.3,14.7
81,12,Corned beef,5.0,7.0,1.0,1.0,5,19.3,14.7
82,12,Ham,6.0,9.0,,,5,19.3,14.7
83,12,Ham,1.0,1.0,1.0,2.0,5,19.3,14.7
84,12,Ham,1.0,1.0,1.0,2.0,5,19.3,14.7
85,12,Ham,3.0,4.0,1.0,2.0,5,19.3,14.7
86,12,Ham,1.0,1.0,1.0,2.0,5,19.3,14.7
87,12,Ham,6.0,9.0,1.0,2.0,5,19.3,14.7
88,12,Ham,2.0,2.0,1.0,2.0,5,19.3,14.7
89,12,Ham,1.0,1.0,1.0,2.0,5,19.3,14.7
90,12,Ham,1.0,1.0,1.0,2.0,5,19.3,14.7
91,12,Ham,1.0,1.0,1.0,2.0,5,19.3,14.7
92,12,Ham,1.0,1.0,1.0,2.0,5,19.3,14.7
93,12,Ham,1.0,1.0,1.0,2.0,5,19.3,14.7
94,12,Ham,1.0,1.0,1.0,2.0,5,19.3,14.7
95,12,Ham,1.0,1.0,1.0,2.0,5,19.3,14.7
96,12,Ham,1.0,1.0,1.0,2.0,5,19.3,14.7
97,12,Ham,1.0,1.0,1.0,2.0,5,19.3,14.7
98,12,Hot dogs,2.0,2.0,1.0,2.0,5,19.3,14.7
102,12,Sausage,1.0,2.0,1.0,2.0,5,19.3,14.7
103,12,Sausage,1.0,1.0,1.0,2.0,5,19.3,14.7
104,12,Sausage,2.0,3.0,1.0,2.0,5,19.3,14.7
105,13,"Stuffed, raw pork chops",1.0,2.0,9.0,9.0,5,19.3,14.7
106,13,Raw kabobs with vegetables,1.0,2.0,3.0,4.0,5,19.3,14.7
107,11,Bacon,,,,,5,19.3,14.7
108,11,Ham,,,,,5,19.3,14.7
109,11,Jerky,,,,,5,19.3,14.7
110,11,Jerky,,,,,5,19.3,14.7
111,11,Meat products,,,,,5,19.3,14.7
112,11,Retort pouches or boxes,,,,,5,19.3,14.7
113,15,Chicken,1.0,2.0,12.0,12.0,5,19.3,14.7
114,15,Turkey,1.0,2.0,12.0,12.0,5,19.3,14.7
115,15,Ground turkey or chicken,1.0,2.0,3.0,4.0,5,19.3,14.7
116,15,Chicken parts,1.0,2.0,9.0,9.0,5,19.3,14.7
117,15,Chicken parts,1.0,2.0,9.0,9.0,5,19.3,14.7
118,15,Chicken parts,1.0,2.0,9.0,9.0,5,19.3,14.7
119,15,Turkey parts,1.0,2.0,9.0,9.0,5,19.3,14.7
120,15,Turkey parts,1.0,2.0,9.0,9.0,5,19.3,14.7
121,15,Turkey parts,1.0,2.0,9.0,9.0,5,19.3,14.7
123,15,Duckling,1.0,2.0,6.0,6.0,5,19.3,14.7
125,15,Goose,1.0,2.0,6.0,6.0,5,19.3,14.7
126,15,Pheasant,1.0,2.0,6.0,6.0,5,19.3,14.7
127,15,Quail,1.0,2.0,6.0,6.0,5,19.3,14.7
128,15,Capon,1.0,2.0,12.0,12.0,5,19.3,14.7
129,15,Cornish Hens,1.0,2.0,12.0,12.0,5,19.3,14.7
130,15,Giblets,1.0,2.0,3.0,4.0,5,19.3,14.7
131,17,"Stuffed, raw chicken breasts",,,,,5,19.3,14.7
132,17,Raw kabobs with vegetables,,,,,5,19.3,14.7
133,17,Turducken,,,9.0,9.0,5,19.3,14.7
134,14,"Chicken nuggets, patties",,,1.0,3.0,5,19.3,14.7
135,14,Cooked poultry dishes,,,,,5,19.3,14.7
136,14,Fried chicken,,,,,5,19.3,14.7
140,25,Poultry pieces,,,,,5,19.3,14.7
141,14,Rotisserie chicken,3.0,4.0,4.0,4.0,5,19.3,14.7
142,16,Canned chicken,,,,,5,19.3,14.7
143,16,Retort pouches or boxes,,,,,5,19.3,14.7
144,20,Lean fish,1.0,2.0,6.0,8.0,5,19.3,14.7
145,20,Lean fish,1.0,2.0,4.0,8.0,5,19.3,14.7
146,20,Fatty fish,1.0,2.0,2.0,3.0,5,19.3,14.7
147,20,Caviar,1.0,4.0,,,5,19.3,14.7
148,20,Cooked fish,,,,,5,19.3,14.7
149,20,Surimi seafood,,,9.0,9.0,5,19.3,14.7
150,21,Scallops,1.0,3.0,6.0,18.0,5,19.3,14.7
151,21,"Shrimp, crayfish",1.0,3.0,6.0,18.0,5,19.3,14.7
152,21,Squid,1.0,3.0,6.0,18.0,5,19.3,14.7
153,21,"Shucked clams, mussels, and oysters",3.0,10.0,3.0,4.0,5,19.3,14.7
154,21,Crab meat,,,,,5,19.3,14.7
155,21,Crab meat,10.0,12.0,4.0,10.0,5,19.3,14.7
156,21,Crab legs,2.0,4.0,9.0,12.0,5,19.3,14.7
157,21,"Live clams, mussels, crab, and oysters",1.0,2.0,2.0,3.0,5,19.3,14.7
158,21,Fresh whole lobster,1.0,1.0,,,5,19.3,14.7
159,21,Fresh lobster tails,2.0,3.0,2.0,4.0,5,19.3,14.7
160,21,"Fresh clams, mussels, oysters",5.0,10.0,,,5,19.3,14.7
161,21,Fresh whole lobster,1.0,2.0,2.0,4.0,5,19.3,14.7
162,21,Cooked shellfish,,,1.0,3.0,5,19.3,14.7
163,22,Herring,4.0,6.0,,,5,19.3,14.7
164,22,Fish,14.0,45.0,9.0,12.0,5,19.3,14.7
165,22,Fish,14.0,45.0,6.0,12.0,5,19.3,14.7
166,22,Fish,14.0,30.0,9.0,12.0,5,19.3,14.7
167,22,Fish,21.0,30.0,9.0,12.0,5,19.3,14.7
168,24,Tofu,1.0,1.0,5.0,5.0,5,19.3,14.7
169,24,Miso,1.0,1.0,,,5,19.3,14.7
170,24,Soy flour,6.0,6.0,,,5,19.3,14.7
171,24,Textured soy protein,,,,,5,19.3,14.7
172,24,Re-hydrated textured soy protein,,,,,5,19.3,14.7
173,25,Leftovers,,,,,5,19.3,14.7
174,25,Leftovers,,,,,5,19.3,14.7
175,25,Leftovers,,,,,5,19.3,14.7
176,25,Commercial brand vacuum-packed dinners,2.0,2.0,,,5,19.3,14.7
177,25,Cooked pasta,,,,,5,19.3,14.7
178,25,Cooked rice,,,,,5,19.3,14.7
179,25,"Fruit, cut",,,,,5,19.3,14.7
180,25,Guacamole,,,,,5,19.3,14.7
181,25,Hummus,3.0,3.0,,,5,19.3,14.7
183,25,Hummus,,,,,5,19.3,14.7
184,25,Luncheon meat or poultry,3.0,5.0,,,5,19.3,14.7
185,25,Main dishes or meals,3.0,4.0,,,5,19.3,14.7
186,25,Meats,,,,,5,19.3,14.7
187,25,Olives,2.0,2.0,,,5,19.3,14.7
188,25,Pate,1.0,2.0,,,5,19.3,14.7
192,25,Luncheon meat or poultry,2.0,2.0,1.0,2.0,5,19.3,14.7
193,25,"Soup, stews",,,,,5,19.3,14.7
194,25,Casseroles,,,,,5,19.3,14.7
195,2,Commercial bread products,,,3.0,5.0,5,19.3,14.7
196,9,Tortillas,,,6.0,6.0,5,19.3,14.7
197,2,Commercial cakes and muffins,,,6.0,6.0,5,19.3,14.7
198,2,Cheesecake,,,3.0,6.0,5,19.3,14.7
199,2,Cookies,,,8.0,12.0,5,19.3,14.7
200,2,Cookies,,,8.0,12.0,5,19.3,14.7
201,2,Dairy filled eclairs,,,3.0,3.0,5,19.3,14.7
202,2,Doughnuts,,,,,5,19.3,14.7
203,2,Fruit cake,,,12.0,12.0,5,19.3,14.7
204,2,"Pastries, danish",,,,,5,19.3,14.7
205,2,Cream pies,,,,,5,19.3,14.7
206,2,Chiffon pies,,,,,5,19.3,14.7
207,2,Fruit pies,,,,,5,19.3,14.7
208,2,Pies,,,,,5,19.3,14.7
209,2,Pies,,,,,5,19.3,14.7
210,2,Pies,,,,,5,19.3,14.7
211,2,Quiche,,,,,5,19.3,14.7
212,3,Baking powder,,,,,5,19.3,14.7
213,3,Baking soda,,,,,5,19.3,14.7
214,3,Biscuit or pancake mix,,,,,5,19.3,14.7
215,3,"Cake, brownie, bread mixes",,,,,5,19.3,14.7
216,3,Chocolate,,,,,5,19.3,14.7
217,3,Cocoa and cocoa mixes,,,,,5,19.3,14.7
218,3,Cornmeal,,,,,5,19.3,14.7
219,3,Cornmeal,,,,,5,19.3,14.7
220,3,Cornstarch,,,,,5,19.3,14.7
222,3,Flour,,,,,5,19.3,14.7
223,3,Flour,,,,,5,19.3,14.7
224,3,Frosting or icing,,,,,5,19.3,14.7
225,3,Gelatin,,,,,5,19.3,14.7
226,3,Gelatin,,,,,5,19.3,14.7
227,3,Oils,,,,,5,19.3,14.7
228,3,Nut oils,,,,,5,19.3,14.7
229,3,Vegetable oil sprays,,,,,5,19.3,14.7
230,3,Shortening,,,,,5,19.3,14.7
231,3,Tamarind paste,,,,,5,19.3,14.7
232,3,Chili powder,,,,,5,19.3,14.7
233,3,Seasoning blends,,,,,5,19.3,14.7
234,3,Flavored or herb mixes,,,,,5,19.3,14.7
235,3,Garlic,,,,,5,19.3,14.7
236,3,Herbs,,,,,5,19.3,14.7
237,3,Spice/spices,,,,,5,19.3,14.7
238,3,Spice/spices,,,,,5,19.3,14.7
239,3,Sugar,,,,,5,19.3,14.7
240,3,Sugar,,,,,5,19.3,14.7
241,3,Sugar,,,,,5,19.3,14.7
242,3,Sugar substitutes,,,,,5,19.3,14.7
243,3,Tapiocas,,,,,5,19.3,14.7
245,4,Tube cans,,,,,5,19.3,14.7
246,4,Ready-to-bake pie crust,,,2.0,2.0,5,19.3,14.7
247,4,Cookie dough,,,2.0,2.0,5,19.3,14.7
248,18,Apples,4.0,6.0,,,5,19.3,14.7
249,18,Apricots,,,,,5,19.3,14.7
250,18,Avocados,,,,,5,19.3,14.7
251,18,Bananas,,,,,5,19.3,14.7
252,18,Berries,7.0,7.0,,,5,19.3,14.7
253,18,Berries,3.0,6.0,,,5,19.3,14.7
254,18,Blueberries,1.0,2.0,,,5,19.3,14.7
255,18,Cherimoya,,,,,5,19.3,14.7
256,18,Citrus fruit,10.0,21.0,,,5,19.3,14.7
257,18,Coconut,,,,,5,19.3,14.7
258,18,Coconuts,2.0,3.0,,,5,19.3,14.7
259,18,Cranberries,2.0,2.0,,,5,19.3,14.7
260,18,Dates,12.0,12.0,,,5,19.3,14.7
261,18,Grapes,1.0,1.0,,,5,19.3,14.7
262,18,Guava,,,,,5,19.3,14.7
263,18,Kiwi fruit,,,,,5,19.3,14.7
264,18,Melons,2.0,2.0,,,5,19.3,14.7
265,18,"Papaya, mango, feijoa, passionfruit, casaha melon",1.0,1.0,,,5,19.3,14.7
266,18,"Peaches, nectarines, plums, pears, sapote",,,,,5,19.3,14.7
267,18,Pineapple,,,,,5,19.3,14.7
268,18,Plantains,,,,,5,19.3,14.7
269,18,Pomegranate,1.0,3.0,,,5,19.3,14.7
270,19,"Artichokes, whole",1.0,2.0,,,5,19.3,14.7
271,19,Asparagus,3.0,4.0,5.0,5.0,5,19.3,14.7
272,19,Bamboo shoots,2.0,2.0,,,5,19.3,14.7
273,19,Beans and peas,3.0,5.0,8.0,8.0,5,19.3,14.7
274,19,Beets,1.0,2.0,6.0,8.0,5,19.3,14.7
275,19,Bok choy,2.0,3.0,10.0,12.0,5,19.3,14.7
276,19,Broccoli and broccoli raab (rapini),3.0,5.0,10.0,12.0,5,19.3,14.7
277,19,Brussels sprouts,3.0,5.0,10.0,12.0,5,19.3,14.7
278,19,Cabbage,1.0,2.0,10.0,12.0,5,19.3,14.7
279,19,"Carrots, parsnips",2.0,3.0,10.0,12.0,5,19.3,14.7
280,19,Cauliflower,3.0,5.0,10.0,12.0,5,19.3,14.7
281,19,Celery,1.0,2.0,10.0,12.0,5,19.3,14.7
282,19,Corn on the cob,1.0,2.0,8.0,8.0,5,19.3,14.7
283,19,Cucumbers,4.0,6.0,,,5,19.3,14.7
284,19,Eggplant,4.0,7.0,6.0,8.0,5,19.3,14.7
285,19,Garlic,3.0,14.0,1.0,1.0,5,19.3,14.7
286,19,Ginger root,2.0,3.0,6.0,6.0,5,19.3,14.7
287,19,Greens,1.0,4.0,10.0,12.0,5,19.3,14.7
288,19,Herbs,7.0,10.0,1.0,2.0,5,19.3,14.7
289,19,Leeks,1.0,2.0,10.0,12.0,5,19.3,14.7
290,19,Lettuce,1.0,2.0,,,5,19.3,14.7
291,19,Lettuce,3.0,7.0,,,5,19.3,14.7
292,19,Mushrooms,3.0,7.0,10.0,12.0,5,19.3,14.7
293,19,Okra,2.0,3.0,10.0,12.0,5,19.3,14.7
294,19,Onions,2.0,2.0,10.0,12.0,5,19.3,14.7
295,19,Onions,1.0,1.0,10.0,12.0,5,19.3,14.7
296,19,Peppers,4.0,14.0,6.0,8.0,5,19.3,14.7
297,19,Potatoes,1.0,2.0,,,5,19.3,14.7
298,19,Pumpkins,3.0,5.0,,,5,19.3,14.7
299,19,Radishes,10.0,14.0,,,5,19.3,14.7
300,19,Rhubarb,3.0,7.0,,,5,19.3,14.7
301,19,Rutabagas,2.0,3.0,8.0,10.0,5,19.3,14.7
302,19,Squash,4.0,5.0,10.0,12.0,5,19.3,14.7
303,19,Squash,1.0,3.0,10.0,12.0,5,19.3,14.7
304,19,Tamarind,6.0,6.0,,,5,19.3,14.7
305,19,Taro,2.0,3.0,,,5,19.3,14.7
306,19,Tomatoes,,,2.0,2.0,5,19.3,14.7
307,19,Turnips,2.0,2.0,8.0,10.0,5,19.3,14.7
308,19,Yuca/cassava,3.0,3.0,1.0,2.0,5,19.3,14.7
309,8,Dough,,,12.0,12.0,5,19.3,14.7
310,8,Egg substitutes,,,12.0,12.0,5,19.3,14.7
311,8,Fish,,,18.0,18.0,5,19.3,14.7
312,8,Fish,,,6.0,6.0,5,19.3,14.7
313,8,Frozen potato products,,,12.0,12.0,5,19.3,14.7
314,8,Frozen pretzels,,,9.0,9.0,5,19.3,14.7
315,8,Fruits,,,10.0,18.0,5,19.3,14.7
317,8,Ice cream,,,6.0,6.0,5,19.3,14.7
318,8,Ice pops,,,9.0,9.0,5,19.3,14.7
319,8,Juice concentrates,,,2.0,2.0,5,19.3,14.7
320,8,Lobster tails,,,8.0,8.0,5,19.3,14.7
321,8,"Pancakes, waffles",,,3.0,3.0,5,19.3,14.7
322,8,Sausages,,,1.0,2.0,5,19.3,14.7
323,8,Sausages,,,1.0,2.0,5,19.3,14.7
324,8,"Sherbet, sorbet",,,9.0,9.0,5,19.3,14.7
325,8,"Shrimp, shellfish",,,12.0,18.0,5,19.3,14.7
326,8,Soy crumbles and hot dogs,,,1.0,2.0,5,19.3,14.7
327,8,Soy meat substitutes,,,12.0,18.0,5,19.3,14.7
328,8,Tempeh,,,6.0,6.0,5,19.3,14.7
330,8,Frozen entrees,,,12.0,12.0,5,19.3,14.7
331,8,Vegetables,,,10.0,18.0,5,19.3,14.7
332,9,Fresh pasta,,,,,5,19.3,14.7
333,9,Beans,,,,,5,19.3,14.7
334,9,Lentils,,,,,5,19.3,14.7
335,9,Pasta,,,,,5,19.3,14.7
336,9,Dry egg noodles,,,,,5,19.3,14.7
337,9,Peas,,,,,5,19.3,14.7
338,9,Rice,,,,,5,19.3,14.7
339,9,Rice,,,,,5,19.3,14.7
340,6,Barbecue sauce,,,,,5,19.3,14.7
341,6,Chutney,,,,,5,19.3,14.7
342,6,"Cream sauces, milk solids",,,,,5,19.3,14.7
343,6,Dry gravy mixes,,,,,5,19.3,14.7
344,6,Gravy,,,,,5,19.3,14.7
345,6,Honey,,,,,5,19.3,14.7
346,6,Horseradish,12.0,12.0,,,5,19.3,14.7
347,6,"Jams, jellies, and preserves",,,,,5,19.3,14.7
348,6,"Ketchup, cocktail, or chili sauce",,,,,5,19.3,14.7
349,6,Marinades,,,,,5,19.3,14.7
350,6,Mayonnaise,,,,,5,19.3,14.7
351,6,Mustard,,,,,5,19.3,14.7
352,6,Olives,,,,,5,19.3,14.7
353,6,Pickles,,,,,5,19.3,14.7
354,6,Pesto,6.0,6.0,,,5,19.3,14.7
356,6,Salad dressings,,,,,5,19.3,14.7
357,6,Salsa,,,,,5,19.3,14.7
358,6,Sauce mixes,,,,,5,19.3,14.7
359,6,Spaghetti sauce,,,,,5,19.3,14.7
360,6,Soy sauce or teriyaki sauce,,,,,5,19.3,14.7
361,6,Vinegar,,,,,5,19.3,14.7
362,6,Worcestershire sauce,,,,,5,19.3,14.7
363,1,Jars or pouches,,,,,5,19.3,14.7
364,1,Fruit,,,,,5,19.3,14.7
365,1,Vegetables,,,,,5,19.3,14.7
366,1,Dinners,,,,,5,19.3,14.7
367,1,"Cereal, dry mixes",,,,,5,19.3,14.7
368,1,Formula,,,,,5,19.3,14.7
369,1,Liquid concentrate or ready-to-feed formula,,,,,5,19.3,14.7
370,23,Applesauce,,,,,5,19.3,14.7
371,23,Bacon bits,,,,,5,19.3,14.7
372,23,Canned goods,,,,,5,19.3,14.7
373,23,Canned goods,,,,,5,19.3,14.7
374,23,Cereal,,,,,5,19.3,14.7
375,23,Cereal,,,,,5,19.3,14.7
376,23,Chocolate syrup,,,,,5,19.3,14.7
377,23,Crackers,,,,,5,19.3,14.7
378,23,Graham cracker/animal cracker,,,,,5,19.3,14.7
379,23,"Fruits, dried",,,,,5,19.3,14.7
380,23,Gummy (fruit) snacks,,,,,5,19.3,14.7
381,23,Marshmallows,,,,,5,19.3,14.7
382,23,Marshmallow crème,,,,,5,19.3,14.7
383,23,Milk,,,,,5,19.3,14.7
384,23,Molasses,,,,,5,19.3,14.7
385,23,Mushrooms,,,,,5,19.3,14.7
386,23,Nuts,,,,,5,19.3,14.7
387,23,Peanut butter,,,,,5,19.3,14.7
388,23,Pectin,,,,,5,19.3,14.7
389,23,Popcorn,,,,,5,19.3,14.7
390,23,Popcorn,,,,,5,19.3,14.7
391,23,Popcorn,,,,,5,19.3,14.7
392,23,Potato chips,,,,,5,19.3,14.7
393,23,Potatoes,,,,,5,19.3,14.7
394,23,Pretzels,,,,,5,19.3,14.7
395,23,Pudding mixes,,,,,5,19.3,14.7
396,23,Soup mixes,,,,,5,19.3,14.7
397,23,Sun dried tomatoes,,,,,5,19.3,14.7
398,23,Syrup,,,,,5,19.3,14.7
399,23,Toaster pastries,,,,,5,19.3,14.7
400,5,Coffee,,,,,5,19.3,14.7
401,5,Coffee,,,,,5,19.3,14.7
402,5,Coffee,,,,,5,19.3,14.7
403,5,Diet powder mixes and drink mixes,,,,,5,19.3,14.7
404,5,"Fruit Juice in cartons, fruit drinks, punch",,,,,5,19.3,14.7
405,5,"Juice, boxes",,,,,5,19.3,14.7
406,5,Nectar,,,,,5,19.3,14.7
407,5,Soda,,,,,5,19.3,14.7
408,5,Soy or rice beverage,,,,,5,19.3,14.7
410,5,Tea,,,,,5,19.3,14.7
411,5,Tea,,,,,5,19.3,14.7
412,5,Tea,,,,,5,19.3,14.7
413,5,Water,,,,,5,19.3,14.7
414,18,Kumquats,,,,,5,19.3,14.7
415,19,Bagged greens,,,,,5,19.3,14.7
416,6,Tahini,,,,,5,19.3,14.7
190,25,Egg salad,,,,,5,19.3,14.7
191,25,Potato salad,,,,,5,19.3,14.7
417,25,Seafood salads,,,,,5,19.3,14.7
418,25,Chicken salad,,,,,5,19.3,14.7
419,25,Ham salad,,,,,5,19.3,14.7
420,25,Pasta salad,,,,,5,19.3,14.7
421,7,Soy milk,,,,,5,19.3,14.7
422,19,Yams/sweet potatoes,,,,,5,19.3,14.7
423,19,Kale,3.0,5.0,8.0,12.0,5,19.3,14.7
425,9,Quinoa,,,,,5,19.3,14.7
426,9,Quinoa,,,,,5,19.3,14.7
427,7,Almond milk,,,,,5,19.3,14.7
428,7,Rice milk,,,,,5,19.3,14.7
429,7,Coconut milk,,,,,5,19.3,14.7
430,7,Coffee creamer,,,,,5,19.3,14.7
431,14,Turkey bacon,2.0,2.0,2.0,4.0,5,19.3,14.7
432,23,Fruit cocktail,,,,,5,19.3,14.7
433,6,Black bean sauce,,,,,5,19.3,14.7
434,6,Oyster sauce,,,,,5,19.3,14.7
435,6,Hoisin sauce,,,,,5,19.3,14.7
436,12,Pork roll,,,,,5,19.3,14.7
437,23,Almonds ,16.0,16.0,20.0,20.0,5,19.3,14.7
438,23,Almonds ,8.0,8.0,10.0,10.0,5,19.3,14.7
439,23,Cashews,6.0,6.0,12.0,12.0,5,19.3,14.7
440,23,Macadamias,12.0,12.0,24.0,24.0,5,19.3,14.7
441,23,Peanuts,12.0,12.0,24.0,24.0,5,19.3,14.7
442,23,Peanuts,12.0,12.0,24.0,24.0,5,19.3,14.7
443,23,Pecans,12.0,12.0,24.0,24.0,5,19.3,14.7
444,23,Pecans,9.0,9.0,24.0,24.0,5,19.3,14.7
445,23,Pistachios,12.0,12.0,24.0,24.0,5,19.3,14.7
446,23,Walnuts,9.0,12.0,24.0,24.0,5,19.3,14.7
447,5,Lime juice,,,,,5,19.3,14.7
448,5,Lemon juice,,,,,5,19.3,14.7
449,2,Bagel,,,,,5,19.3,14.7
450,2,Bagel ,,,,,5,19.3,14.7
451,2,Muffin,,,,,5,19.3,14.7
452,2,Muffin,,,,,5,19.3,14.7
453,2,Muffin,,,,,5,19.3,14.7
454,23,Coconut oil,,,,,5,19.3,14.7
455,5,Orange juice,,,8.0,12.0,5,19.3,14.7
456,5,Orange juice,,,12.0,12.0,5,19.3,14.7
457,5,Orange juice,,,,,5,19.3,14.7
458,23,Roasted red peppers,,,,,5,19.3,14.7
459,3,Whole wheat flour,,,,,5,19.3,14.7
460,9,Whole wheat bread,,,,,5,19.3,14.7
461,9,Whole wheat bread,,,,,5,19.3,14.7
462,5,Red wine,,,,,5,19.3,14.7
463,5,White wine,,,,,5,19.3,14.7
464,23,Dry stuffing mix,,,,,5,19.3,14.7
465,7,Powdered milk,,,,,5,19.3,14.7
466,23,Almond butter,,,,,5,19.3,14.7
467,23,Cashew butter,,,,,5,19.3,14.7
468,23,Salt,,,,,5,19.3,14.7
469,23,Black pepper,,,,,5,19.3,14.7
470,23,Black pepper,,,,,5,19.3,14.7
471,23,Cajun seasoning blend ,,,,,5,19.3,14.7
472,23,Cinnamon,,,,,5,19.3,14.7
473,23,Cumin,,,,,5,19.3,14.7
474,23,Garlic powder,,,,,5,19.3,14.7
475,23,Onion powder ,,,,,5,19.3,14.7
476,23,Nutmeg,,,,,5,19.3,14.7
477,7,Nacho cheese ,,,3.0,3.0,5,19.3,14.7
478,18,Star fruit,1.0,2.0,,,5,19.3,14.7
479,18,Prickly pear ,1.0,2.0,,,5,19.3,14.7
480,18,Pitaya/dragon fruit,2.0,3.0,,,5,19.3,14.7
481,18,Strawberries,2.0,3.0,,,5,19.3,14.7
482,18,Raspberries,2.0,3.0,,,5,19.3,14.7
483,18,Cherries,2.0,3.0,,,5,19.3,14.7
484,6,Broth,,,,,5,19.3,14.7
485,6,Beef broth/stock/consommé ,,,,,5,19.3,14.7
486,6,Chicken broth/stock/consommé ,,,,,5,19.3,14.7
487,6,Vegetable stock/broth ,,,,,5,19.3,14.7
488,23,Peanut butter,12.0,12.0,,,5,19.3,14.7
489,23,Peanut butter,12.0,12.0,,,5,19.3,14.7
490,7,Ricotta,2.0,2.0,,,5,19.3,14.7
491,19,Baby carrots,4.0,4.0,,,5,19.3,14.7
492,19,Jicama,2.0,3.0,,,5,19.3,14.7
493,19,Kimchi,6.0,12.0,,,5,19.3,14.7
494,19,Kohlrabi,1.0,1.0,,,5,19.3,14.7
495,18,Watermelon,3.0,4.0,,,5,19.3,14.7
496,18,Cantaloupe,5.0,15.0,,,5,19.3,14.7
497,18,Honeydew,3.0,4.0,,,5,19.3,14.7
498,9,Peanuts ,,,,,5,19.3,14.7
499,9,Refried beans,,,,,5,19.3,14.7
500,6,Relish,9.0,9.0,,,5,19.3,14.7
501,23,Tomato paste,,,,,5,19.3,14.7
502,23,Tapenade,9.0,9.0,,,5,19.3,14.7
503,23,Flaxseed,,,,,5,19.3,14.7
504,23,Flaxseed,12.0,12.0,,,5,19.3,14.7
505,19,Lemongrass,7.0,9.0,6.0,6.0,5,19.3,14.7
506,19,Cilantro,,,,,5,19.3,14.7
507,19,Mint,,,,,5,19.3,14.7
508,19,Basil,,,,,5,19.3,14.7
509,19,Basil,,,,,5,19.3,14.7
510,19,Oregano,,,,,5,19.3,14.7
511,19,Rosemary,,,,,5,19.3,14.7
512,19,Chives,,,,,5,19.3,14.7
513,19,Thyme,,,,,5,19.3,14.7
514,25,Turkey ,2.0,2.0,1.0,2.0,5,19.3,14.7
515,25,Ham,2.0,2.0,1.0,2.0,5,19.3,14.7
516,25,Salami ,2.0,2.0,1.0,2.0,5,19.3,14.7
517,25,Chicken,2.0,2.0,1.0,2.0,5,19.3,14.7
518,25,Canadian bacon,,,,,5,19.3,14.7
519,25,Canadian bacon,80.0,80.0,,,5,19.3,14.7
520,23,Canola oil,,,,,5,19.3,14.7
521,23,Almond oil,2.0,2.0,,,5,19.3,14.7
522,23,Sunflower oil,,,,,5,19.3,14.7
523,23,Grapeseed oil,,,,,5,19.3,14.7
524,6,Duck fat,,,,,5,19.3,14.7
525,6,Bacon grease,,,,,5,19.3,14.7
526,6,Frying oil,,,,,5,19.3,14.7
527,3,Almond extract,,,,,5,19.3,14.7
528,3,Cinnamon extract,,,,,5,19.3,14.7
529,3,Lemon extract,,,,,5,19.3,14.7
530,3,Pure vanilla extract,,,,,5,19.3,14.7
531,3,Butter flavor,,,,,5,19.3,14.7
532,3,Coconut flavor,,,,,5,19.3,14.7
533,23,"""Genuine"" Maple syrup",,,,,5,19.3,14.7
534,23,"""Genuine"" Maple syrup",,,,,5,19.3,14.7
536,5,Lemon juice,,,,,5,19.3,14.7
537,5,Apple juice,,,,,5,19.3,14.7
538,5,Carrot juice,,,,,5,19.3,14.7
539,5,Hard liquors,,,,,5,19.3,14.7
540,5,Cream liquors,,,,,5,19.3,14.7
541,5,Coffee,,,,,5,19.3,14.7
542,2,Macaroons,,,,,5,19.3,14.7
543,7,Milk,,,,,5,19.3,14.7
544,7,String Cheese,5.0,5.0,,,5,19.3,14.7
545,7,Vegan Cheddar Cheese,4.0,4.0,,,5,19.3,14.7
546,7,Quark,,,,,5,19.3,14.7
547,19,Zucchini,,,,,5,19.3,14.7
548,19,Hot peppers,1.0,1.0,,,5,19.3,14.7
549,19,Bean sprouts,5.0,10.0,,,5,19.3,14.7
550,19,Swiss chard,1.0,2.0,,,5,19.3,14.7
551,4,Puff pastry,,,,,5,19.3,14.7
552,4,Biscuits,,,,,5,19.3,14.7
553,9,Tortillas,60.0,90.0,,,5,19.3,14.7
554,4,Pie crust,,,,,5,19.3,14.7
555,23,Granola,,,,,5,19.3,14.7
556,23,Pork rinds,,,,,5,19.3,14.7
557,6,Apple cider vinegar,,,,,5,19.3,14.7
558,5,Nutrition supplement drinks,,,,,5,19.3,14.7
559,6,Hot sauce,,,,,5,19.3,14.7
560,6,Thai red curry paste,,,,,5,19.3,14.7
561,3,Yeast,,,,,5,19.3,14.7
562,18,Applesauce,,,,,5,19.3,14.7
563,12,Pate,,,,,5,19.3,14.7
564,14,Pate,,,,,5,19.3,14.7
565,6,Cranberry sauce,,,,,5,19.3,14.7
566,6,Cranberry sauce,,,,,5,19.3,14.7
567,5,Vegetable juice,,,,,5,19.3,14.7
568,5,Vegetable juice,,,,,5,19.3,14.7
569,5,Vegetable juice,,,,,5,19.3,14.7
570,19,Marinated vegetables,,,,,5,19.3,14.7
571,8,Pizza,,,,,5,19.3,14.7
572,25,Salsa,,,,,5,19.3,14.7
573,23,Chia seeds,,,,,5,19.3,14.7
574,2,Bread,,,,,5,19.3,14.7
575,9,Amaranth,,,,,5,19.3,14.7
576,3,Amaranth,,,,,5,19.3,14.7
577,9,Barley,,,,,5,19.3,14.7
578,3,Barley,,,,,5,19.3,14.7
579,9,Buckwheat,,,,,5,19.3,14.7
580,3,Buckwheat,,,,,5,19.3,14.7
581,9,Farro,,,,,5,19.3,14.7
582,3,Farro,,,,,5,19.3,14.7
583,9,Millet,,,,,5,19.3,14.7
584,3,Millet,,,,,5,19.3,14.7
585,9,Oats,,,,,5,19.3,14.7
586,3,Oats,,,,,5,19.3,14.7
587,9,Rye,,,,,5,19.3,14.7
588,3,Rye,,,,,5,19.3,14.7
589,9,Sorghum,,,,,5,19.3,14.7
590,3,Sorghum,,,,,5,19.3,14.7
591,9,Spelt,,,,,5,19.3,14.7
592,3,Spelt,,,,,5,19.3,14.7
593,9,Teff,,,,,5,19.3,14.7
594,3,Teff,,,,,5,19.3,14.7
595,10,Rabbit,,,,,5,19.3,14.7
596,19,Spaghetti squash,,,,,5,19.3,14.7
597,19,Spaghetti squash,,,,,5,19.3,14.7
598,3,Garam masala,,,,,5,19.3,14.7
599,6,Tomato sauce,,,,,5,19.3,14.7
600,19,Cherry tomatoes,,,,,5,19.3,14.7
601,23,Coconut cream,,,,,5,19.3,14.7
602,23,Coconut milk,,,,,5,19.3,14.7
603,25,Coleslaw,,,,,5,19.3,14.7
604,23,Pumpkin seeds,,,,,5,19.3,14.7
605,23,Pumpkin seeds,,,,,5,19.3,14.7
606,23,Pumpkin seeds,,,,,5,19.3,14.7
607,23,Pumpkin seeds,,,,,5,19.3,14.7
608,23,Sunflower seeds,,,,,5,19.3,14.7
609,23,Sunflower seeds,,,,,5,19.3,14.7
610,23,Sunflower seeds,,,,,5,19.3,14.7
611,19,Parsley,,,,,5,19.3,14.7
612,23,Sesame oil,,,,,5,19.3,14.7
613,23,Sesame seeds,,,,,5,19.3,14.7
614,23,Capers,,,,,5,19.3,14.7
615,23,Chocolate hazlenut spread,,,,,5,19.3,14.7
616,23,"Roasted nuts (peanuts, cashews, almonds)",,,,,5,19.3,14.7
617,23,Tuna,,,,,5,19.3,14.7
618,23,Tuna,,,,,5,19.3,14.7
619,23,Seafood,,,,,5,19.3,14.7
620,7,Pimento cheese,,,,,5,19.3,14.7
621,10,Bison,,,,,5,19.3,14.7
622,10,Bison,,,,,5,19.3,14.7
623,6,Salad dressing,,,,,5,19.3,14.7
624,6,Salad dressing,,,,,5,19.3,14.7
625,6,Salad dressing,,,,,5,19.3,14.7
626,6,Salad dressing,,,,,5,19.3,14.7
627,23,Grits,,,,,5,19.3,14.7
628,7,Cheese Curds,,,,,5,19.3,14.7
629,25,Vegetable soup,,,,,5,19.3,14.7
630,10,Chorizo,,,,,5,19.3,14.7
631,12,Chorizo,,,,,5,19.3,14.7
632,12,Chorizo,,,,,5,19.3,14.7
633,23,Beets,,,,,5,19.3,14.7
634,4,Cinnamon rolls,,,,,5,19.3,14.7
635,3,Cinnamon rolls,,,,,5,19.3,14.7
636,6,Cooking wine,,,,,5,19.3,14.7
637,9,Bulgur,,,,,5,19.3,14.7
638,10,Bratwurst,,,,,5,19.3,14.7
639,12,Bratwurst,,,,,5,19.3,14.7
640,19,Edamame,,,,,5,19.3,14.7
641,8,Edamame,,,2.0,2.0,5,19.3,14.7
642,23,Edamame,,,,,5,19.3,14.7
643,23,Breadcrumbs,,,,,5,19.3,14.7
644,23,Milk ,,,,,5,19.3,14.7
645,25,Salsa,,,,,5,19.3,14.7
646,6,Salsa,,,,,5,19.3,14.7
647,6,Tomato Sauce,,,,,5,19.3,14.7
648,6,Barbecue Sauce,,,,,5,19.3,14.7
649,7,Ghee,,,,,5,19.3,14.7
650,23,Corn syrup,,,,,5,19.3,14.7
651,23,Nutrition supplement drinks,,,,,5,19.3,14.7
652,23,Instant breakfast drinks,,,,,5,19.3,14.7
653,23,Pine nuts,,,,,5,19.3,14.7
654,3,Coconut flour,,,,,5,19.3,14.7
655,23,Pecans,,,,,5,19.3,14.7
656,23,Polenta,,,,,5,19.3,14.7
657,8,Polenta,,,,,5,19.3,14.7
658,23,Cereal or granola bars,,,,,5,19.3,14.7
659,23,Milk ,,,,,5,19.3,14.7
660,5,Coconut water,,,,,5,19.3,14.7
661,19,Celery root,,,,,5,19.3,14.7
662,5,Apple cider,,,,,5,19.3,14.7
663,5,Yuzu juice,9.0,12.0,,,5,19.3,14.7
664,5,Yuzu,,,,,5,19.3,14.7
665,12,Pastrami,,,,,5,19.3,14.7
666,8,Kugel,,,,,5,19.3,14.7
667,25,Kugel,,,,,5,19.3,14.7
668,23,Avocado Oil,,,,,5,19.3,14.7
669,6,Balsamic vinegar,,,,,5,19.3,14.7
670,6,Aioli,,,,,5,19.3,14.7
671,6,Salad dressing,,,,,5,19.3,14.7
672,23,Base,,,,,5,19.3,14.7
673,6,Anchovies,,,,,5,19.3,14.7
674,19,Radicchio,,,,,5,19.3,14.7
675,12,Prosciutto,,,,,5,19.3,14.7
676,12,Ham ,,,,,5,19.3,14.7
677,10,Ham ,,,,,5,19.3,14.7
678,19,Arugula,,,,,5,19.3,14.7
679,9,Mung bean,,,,,5,19.3,14.7
680,9,Mung bean,,,,,5,19.3,14.7
681,9,Mung bean,,,,,5,19.3,14.7
682,23,Croutons,,,,,5,19.3,14.7
683,12,Bacon,,,,,5,19.3,14.7
684,23,Mustard,,,,,5,19.3,14.7
